# NaturalKana conversational vocabulary; reading<TAB>text
# Maintained in this repository; native-speaker review needed.
привет	привет
приветик	приветик
здарова	здарова
как дела	как дела
как ты	как ты
как оно	как оно
как жизнь	как жизнь
что нового	что нового
что такое	что такое
что случилось	что случилось
что за	что за
ну да	ну да
ну вот	ну вот
ну ладно	ну ладно
ну ничего	ну ничего
да ладно	да ладно
да ну	да ну
давай	давай
давай потом	давай потом
давай завтра	давай завтра
давай созвонимся	давай созвонимся
давай встретимся	давай встретимся
не вопрос	не вопрос
не за что	не за что
не переживай	не переживай
не парься	не парься
не знаю	не знаю
не понял	не понял
не поняла	не поняла
не думаю	не думаю
не особо	не особо
не очень	не очень
не сейчас	не сейчас
не могу	не могу
не хочу	не хочу
ничего страшного	ничего страшного
ничего себе	ничего себе
ничего нового	ничего нового
без проблем	без проблем
без понятия	без понятия
всё нормально	всё нормально
всё хорошо	всё хорошо
всё ок	всё ок
всё понятно	всё понятно
всё равно	всё равно
всё будет хорошо	всё будет хорошо
понятно	понятно
понятненько	понятненько
ясно	ясно
ясненько	ясненько
ладно	ладно
ладушки	ладушки
хорошо	хорошо
хорошего дня	хорошего дня
спокойной ночи	спокойной ночи
доброй ночи	доброй ночи
до завтра	до завтра
до встречи	до встречи
пока	пока
пока-пока	пока-пока
увидимся	увидимся
услышимся	услышимся
спасибо	спасибо
спасибки	спасибки
спасибо большое	спасибо большое
огромное спасибо	огромное спасибо
пожалуйста	пожалуйста
сорри	сорри
извини	извини
извиняюсь	извиняюсь
моя вина	моя вина
я в пути	я в пути
я скоро	я скоро
я уже тут	я уже тут
я дома	я дома
я тоже	я тоже
я не против	я не против
я так и думал	я так и думал
я так и думала	я так и думала
мне нравится	мне нравится
мне всё равно	мне всё равно
мне пора	мне пора
очень смешно	очень смешно
очень мило	очень мило
так себе	так себе
вот именно	вот именно
само собой	само собой
кстати	кстати
короче	короче
прикольно	прикольно
классно	классно
здорово	здорово
круто	круто
супер	супер
жесть	жесть
капец	капец
офигеть	офигеть
ахаха	ахаха
хаха	хаха
лол	лол
