# Everyday conversational phrases maintained with NaturalKana, CC BY-SA 4.0.
# word<TAB>toneless pinyin; used by export_pinyin_chat.py.
是啥	shi sha
啥意思	sha yi si
啥情况	sha qing kuang
啥时候	sha shi hou
说啥	shuo sha
说啥呢	shuo sha ne
干啥	gan sha
干啥呢	gan sha ne
在干啥	zai gan sha
这是啥	zhe shi sha
那是啥	na shi sha
有啥	you sha
没啥	mei sha
没啥事	mei sha shi
有啥事	you sha shi
为啥	wei sha
为啥啊	wei sha a
不为啥	bu wei sha
咋了	za le
咋啦	za la
咋办	za ban
咋回事	za hui shi
咋样	za yang
咋说	za shuo
咋说呢	za shuo ne
咋整	za zheng
咋可能	za ke neng
整啥	zheng sha
弄啥	nong sha
怎么说呢	zen me shuo ne
怎么回事	zen me hui shi
怎么可能	zen me ke neng
什么情况	shen me qing kuang
什么意思	shen me yi si
什么鬼	shen me gui
啥玩意	sha wan yi
什么玩意	shen me wan yi
好家伙	hao jia huo
真的假的	zhen de jia de
真的假的啊	zhen de jia de a
真的假的呀	zhen de jia de ya
真的吗	zhen de ma
不会吧	bu hui ba
不是吧	bu shi ba
不是哥们	bu shi ge men
不是姐妹	bu shi jie mei
搞笑呢	gao xiao ne
开玩笑呢	kai wan xiao ne
逗我呢	dou wo ne
你认真的	ni ren zhen de
认真的吗	ren zhen de ma
认真的啊	ren zhen de a
笑死	xiao si
笑死了	xiao si le
笑死我了	xiao si wo le
笑不活了	xiao bu huo le
绷不住	beng bu zhu
绷不住了	beng bu zhu le
蚌埠住了	beng bu zhu le
无语了	wu yu le
无语住了	wu yu zhu le
我服了	wo fu le
服了你了	fu le ni le
我真服了	wo zhen fu le
我真的服了	wo zhen de fu le
也是醉了	ye shi zui le
真的会谢	zhen de hui xie
我会谢	wo hui xie
栓扣	shuan kou
好离谱	hao li pu
太离谱了	tai li pu le
离了大谱	li le da pu
有点离谱	you dian li pu
绝绝子	jue jue zi
绝了	jue le
太绝了	tai jue le
破防	po fang
破防了	po fang le
直接破防	zhi jie po fang
防不胜防	fang bu sheng fang
下头	xia tou
太下头了	tai xia tou le
上头了	shang tou le
好上头	hao shang tou
拿捏	na nie
拿捏了	na nie le
拿捏住了	na nie zhu le
有被笑到	you bei xiao dao
有被气到	you bei qi dao
狠狠心动	hen hen xin dong
狠狠拿捏	hen hen na nie
狠狠羡慕	hen hen xian mu
好好笑	hao hao xiao
好想笑	hao xiang xiao
笑不出来	xiao bu chu lai
笑发财了	xiao fa cai le
太好笑了	tai hao xiao le
给我整笑了	gei wo zheng xiao le
给我整不会了	gei wo zheng bu hui le
我哭死	wo ku si
我酸了	wo suan le
羡慕了	xian mu le
羡慕死了	xian mu si le
狠狠共情	hen hen gong qing
懂了	dong le
懂你	dong ni
懂的都懂	dong de dou dong
我懂你	wo dong ni
我懂了	wo dong le
不懂就问	bu dong jiu wen
谁懂啊	shei dong a
谁懂我啊	shei dong wo a
家人们谁懂啊	jia ren men shei dong a
家人们	jia ren men
兄弟们	xiong di men
姐妹们	jie mei men
老铁们	lao tie men
宝子们	bao zi men
宝宝们	bao bao men
咱就是说	zan jiu shi shuo
咱们就是说	zan men jiu shi shuo
就是说啊	jiu shi shuo a
就是说呢	jiu shi shuo ne
是这样的	shi zhe yang de
是这么回事	shi zhe me hui shi
就是这个意思	jiu shi zhe ge yi si
我说呢	wo shuo ne
我就说嘛	wo jiu shuo ma
我寻思	wo xun si
寻思啥呢	xun si sha ne
好像是	hao xiang shi
还真是	hai zhen shi
确实是	que shi shi
确实有点	que shi you dian
有点东西	you dian dong xi
有一说一	you yi shuo yi
说实话	shuo shi hua
实话实说	shi hua shi shuo
别说还真是	bie shuo hai zhen shi
不至于吧	bu zhi yu ba
差不多得了	cha bu duo de le
倒也不必	dao ye bu bi
大可不必	da ke bu bi
真没必要	zhen mei bi yao
没必要吧	mei bi yao ba
算了吧	suan le ba
算了算了	suan le suan le
算我求你	suan wo qiu ni
算你狠	suan ni hen
算你厉害	suan ni li hai
真的假的嘛	zhen de jia de ma
我裂开了	wo lie kai le
人麻了	ren ma le
麻了	ma le
心累	xin lei
心累了	xin lei le
好累啊	hao lei a
累死了	lei si le
累死我了	lei si wo le
困死了	kun si le
饿死了	e si le
烦死了	fan si le
烦死我了	fan si wo le
气死我了	qi si wo le
气笑了	qi xiao le
急死我了	ji si wo le
好无聊	hao wu liao
无聊死了	wu liao si le
睡不着	shui bu zhao
起不来	qi bu lai
不想起床	bu xiang qi chuang
不想上班	bu xiang shang ban
不想动	bu xiang dong
先这样吧	xian zhe yang ba
等会儿	deng hui er
等会再说	deng hui zai shuo
待会再说	dai hui zai shuo
一会再说	yi hui zai shuo
回头再说	hui tou zai shuo
回头聊	hui tou liao
有空再聊	you kong zai liao
晚点聊	wan dian liao
晚点说	wan dian shuo
先不说了	xian bu shuo le
先这样	xian zhe yang
先撤了	xian che le
我先溜了	wo xian liu le
我先下了	wo xian xia le
我先去忙	wo xian qu mang
我先睡了	wo xian shui le
早点睡	zao dian shui
早点休息	zao dian xiu xi
早点回来	zao dian hui lai
到家了	dao jia le
到家了吗	dao jia le ma
到了吗	dao le ma
到了没	dao le mei
吃了没	chi le mei
吃啥	chi sha
吃啥呢	chi sha ne
吃点啥	chi dian sha
想吃啥	xiang chi sha
去哪儿	qu na er
去哪玩	qu na wan
去哪啊	qu na a
走不走	zou bu zou
来不来	lai bu lai
去不去	qu bu qu
行不行	xing bu xing
能不能	neng bu neng
要不要	yao bu yao
好不好嘛	hao bu hao ma
好说好说	hao shuo hao shuo
好滴	hao di
好嘞	hao lei
好哒	hao da
好耶	hao ye
好滴好滴	hao di hao di
行啊	xing a
行呗	xing bei
行吧	xing ba
行的	xing de
行了行了	xing le xing le
行行行	xing xing xing
可以的	ke yi de
可以啊	ke yi a
可以可以	ke yi ke yi
不太行	bu tai xing
还行吧	hai xing ba
也行	ye xing
都行	dou xing
随便你	sui bian ni
随你吧	sui ni ba
没毛病	mei mao bing
没事儿	mei shi er
没事没事	mei shi mei shi
问题不大	wen ti bu da
有点问题	you dian wen ti
不太对劲	bu tai dui jin
怪怪的	guai guai de
有点怪	you dian guai
整挺好	zheng ting hao
整不会了	zheng bu hui le
懒得理你	lan de li ni
懒得说	lan de shuo
懒得动	lan de dong
别急	bie ji
别急嘛	bie ji ma
别闹	bie nao
别搞	bie gao
别搞我	bie gao wo
别装了	bie zhuang le
别太离谱	bie tai li pu
别来沾边	bie lai zhan bian
别太荒谬	bie tai huang miu
你礼貌吗	ni li mao ma
你没事吧	ni mei shi ba
你说呢	ni shuo ne
你猜	ni cai
你猜怎么着	ni cai zen me zhao
就这啊	jiu zhe a
就这吧	jiu zhe ba
就离谱	jiu li pu
就无语	jiu wu yu
就挺好	jiu ting hao
这也行	zhe ye xing
还能这样	hai neng zhe yang
还得是你	hai dei shi ni
还得是你啊	hai dei shi ni a
还得是我	hai dei shi wo
不愧是你	bu kui shi ni
不愧是我	bu kui shi wo
你是懂的	ni shi dong de
你是懂我的	ni shi dong wo de
我真绷不住了	wo zhen beng bu zhu le
真有你的	zhen you ni de
真有意思	zhen you yi si
有内味了	you nei wei le
那咋办	na za ban
那可不	na ke bu
那不然呢	na bu ran ne
那倒也是	na dao ye shi
那必须的	na bi xu de
那当然了	na dang ran le
那没事了	na mei shi le
那你呢	na ni ne
然后呢	ran hou ne
然后咋了	ran hou za le
所以呢	suo yi ne
图啥呢	tu sha ne
图个啥	tu ge sha
有啥用	you sha yong
没啥用	mei sha yong
不知道啊	bu zhi dao a
我哪知道	wo na zhi dao
我也不知道	wo ye bu zhi dao
不知道咋说	bu zhi dao za shuo
谁知道呢	shei zhi dao ne
估计是	gu ji shi
应该是	ying gai shi
应该可以	ying gai ke yi
应该没事	ying gai mei shi
我寻思着	wo xun si zhe
好像不行	hao xiang bu xing
好像可以	hao xiang ke yi
挺好的	ting hao de
挺好吃	ting hao chi
挺好看的	ting hao kan de
太好看了	tai hao kan le
好可爱	hao ke ai
可爱死了	ke ai si le
萌死了	meng si le
萌死我了	meng si wo le
太香了	tai xiang le
真香	zhen xiang
爱了爱了	ai le ai le
狠狠爱了	hen hen ai le
太喜欢了	tai xi huan le
狠狠爱住	hen hen ai zhu
种草了	zhong cao le
被种草了	bei zhong cao le
想买	xiang mai
买买买	mai mai mai
冲鸭	chong ya
冲冲冲	chong chong chong
安排上	an pai shang
安排上了	an pai shang le
安排一下	an pai yi xia
稳了	wen le
稳稳的	wen wen de
稳住	wen zhu
稳住别慌	wen zhu bie huang
稳如老狗	wen ru lao gou
芜湖	wu hu
起飞	qi fei
起飞了	qi fei le
赢麻了	ying ma le
赚麻了	zhuan ma le
亏麻了	kui ma le
救命啊	jiu ming a
救命	jiu ming
救大命	jiu da ming
救救我	jiu jiu wo
救救孩子	jiu jiu hai zi
求求了	qiu qiu le
求放过	qiu fang guo
求你了	qiu ni le
谢谢啦	xie xie la
谢谢宝	xie xie bao
谢谢老板	xie xie lao ban
辛苦啦	xin ku la
辛苦你了	xin ku ni le
打扰了	da rao le
打扰一下	da rao yi xia
麻烦你了	ma fan ni le
麻烦了	ma fan le
不好意思啊	bu hao yi si a
抱歉抱歉	bao qian bao qian
没关系啦	mei guan xi la
不客气啦	bu ke qi la
没事的	mei shi de
慢慢来	man man lai
不着急	bu zhao ji
别着急	bie zhao ji
摸鱼中	mo yu zhong
摸会鱼	mo hui yu
打工人	da gong ren
打工魂	da gong hun
搬砖中	ban zhuan zhong
下班啦	xia ban la
下班了	xia ban le
上班了	shang ban le
躺平了	tang ping le
摆烂了	bai lan le
开摆	kai bai
开摆了	kai bai le
不卷了	bu juan le
卷不动	juan bu dong
卷不动了	juan bu dong le
累觉不爱	lei jue bu ai
社死了	she si le
当场社死	dang chang she si
尴尬死了	gan ga si le
尬住了	ga zhu le
好尴尬	hao gan ga
尴尬住了	gan ga zhu le
破大防	po da fang
大怨种	da yuan zhong
冤种	yuan zhong
纯纯大怨种	chun chun da yuan zhong
人间清醒	ren jian qing xing
情绪价值	qing xu jia zhi
电子榨菜	dian zi zha cai
沉浸式	chen jin shi
氛围感	fen wei gan
松弛感	song chi gan
边界感	bian jie gan
仪式感	yi shi gan
安全感	an quan gan
幸福感	xing fu gan
成就感	cheng jiu gan
存在感	cun zai gan
反差感	fan cha gan
拉满了	la man le
主打一个	zhu da yi ge
主打陪伴	zhu da pei ban
我直接	wo zhi jie
我真的	wo zhen de
真的绝了	zhen de jue le
太顶了	tai ding le
好顶	hao ding
泰裤辣	tai ku la
尊嘟假嘟	zun du jia du
尊嘟	zun du
假嘟	jia du
显眼包	xian yan bao
包的	bao de
包好用的	bao hao yong de
包可以的	bao ke yi de
这不得	zhe bu dei
好嘛	hao ma
好嘛好嘛	hao ma hao ma
我嘞个豆	wo lei ge dou
抽象	chou xiang
太抽象了	tai chou xiang le
红温了	hong wen le
温度上来了	wen du shang lai le
闹麻了	nao ma le
似了	si le
已老实	yi lao shi
老实了	lao shi le
水灵灵	shui ling ling
就这么水灵灵地	jiu zhe me shui ling ling de
这下好了	zhe xia hao le
这下尴尬了	zhe xia gan ga le
那咋了	na za le
那咋啦	na za la
好消息	hao xiao xi
坏消息	huai xiao xi
咱也不知道	zan ye bu zhi dao
咱也不敢问	zan ye bu gan wen
别问	bie wen
问就是	wen jiu shi
